,33012,33015,33186,33157,33033,33178,33142,33177,33032,33161,33165,33196,33125,33176,33018,33175,33193,33126,33016,33179,33162,33155,33169,33160,33172,33014,33134,33055,33030,33056,33139,33183,33135,33141,33180,33174,33130,33150,33133,33143,33156,33173,33127,33145,33054,33144,33138,33185,33166,33189,33140,33131,33137,33181,33034,33136,33154,33146,33149,33035,33129,33182,33190,33132,33128,33122
2015-01-31,0,1285,1519,1465,1264,1844,0,1445,0,0,0,1533,0,0,0,0,1409,1324,0,0,1040,0,0,2080,0,0,1817,0,0,0,1851,0,0,1433,2062,0,2059,0,1688,1464,1656,0,0,1542,0,0,0,0,0,0,2003,2237,1989,0,0,0,0,0,0,0,0,0,0,2061,0,0
2015-02-28,0,1313,1526,1468,1266,1856,0,1437,0,0,0,1543,0,0,0,0,1420,1335,0,0,1051,0,0,2066,0,0,1833,0,0,0,1863,0,0,1466,2085,0,2068,0,1708,1482,1669,0,0,1537,0,0,0,0,0,0,2019,2253,2004,0,0,0,0,0,0,0,0,0,0,2092,0,0
2015-03-31,0,1324,1527,1446,1279,1849,0,1447,0,0,0,1549,0,0,0,0,1423,1340,0,0,1082,0,0,2089,0,0,1837,0,0,0,1858,0,0,1490,2078,0,2079,0,1702,1505,1690,0,0,1548,0,0,0,0,0,0,2009,2274,2027,0,0,0,0,0,0,0,0,0,0,2109,0,0
2015-04-30,0,1331,1536,1472,1289,1854,0,1462,0,0,0,1538,0,0,0,0,1438,1331,0,1389,1098,0,0,2099,0,0,1867,0,0,0,1858,0,0,1506,2068,0,2071,0,1720,1502,1707,0,0,1560,0,0,0,0,0,0,2020,2268,2052,0,0,0,0,0,0,0,0,0,0,2112,0,0
2015-05-31,0,1331,1544,1477,1299,1876,0,1466,0,0,0,1556,0,0,0,0,1436,1324,0,1398,1083,0,0,2098,0,0,1871,0,0,0,1870,0,0,1508,2069,0,2069,0,1701,1518,1712,0,0,1583,0,0,0,0,0,0,2035,2269,2056,0,0,0,0,0,0,0,0,0,0,2115,0,0
2015-06-30,0,1332,1548,1506,1298,1895,0,1477,0,0,0,1561,0,0,0,0,1443,1320,0,1402,1089,0,0,2093,0,0,1871,0,0,0,1870,0,0,1507,2086,0,2093,0,1725,1515,1714,0,0,1622,0,0,0,0,0,0,2040,2268,2066,0,0,0,0,0,0,0,0,0,0,2126,0,0
2015-07-31,0,1314,1566,1511,1297,1902,0,1483,0,0,0,1570,0,0,0,0,1445,1339,0,1416,1098,0,0,2112,0,0,1834,0,0,0,1880,0,0,1523,2107,0,2107,0,1726,1498,1727,0,0,1669,0,0,0,0,0,0,2041,2275,2053,0,0,0,0,0,0,0,0,0,0,2117,0,0
2015-08-31,0,1322,1575,1526,1305,1912,0,1488,0,0,0,1563,0,0,0,0,1458,1358,0,1424,1111,0,0,2120,0,0,1842,0,0,0,1888,0,0,1533,2123,0,2107,0,1755,1492,1718,0,0,1673,0,0,0,0,0,0,2050,2272,2085,0,0,0,0,0,0,0,0,0,0,2111,0,0
2015-09-30,0,1344,1589,1575,1318,1930,0,1489,0,0,0,1570,0,0,0,0,1461,1364,0,1432,1104,0,0,2142,0,0,1863,0,0,0,1895,0,0,1535,2144,0,2089,0,1788,1508,1741,0,0,1647,0,0,0,0,0,0,2093,2255,2056,0,0,0,0,0,0,0,0,0,0,2115,0,0
2015-10-31,0,1365,1581,1598,1332,1941,0,1520,0,0,0,1586,0,0,0,0,1460,1368,0,1456,1098,0,0,2146,0,0,1873,0,0,0,1898,0,0,1528,2127,0,2096,0,1793,1541,1722,0,0,1618,0,0,0,0,0,0,2090,2246,2095,0,0,0,0,0,0,0,0,0,0,2115,0,0
2015-11-30,0,1362,1582,1607,1342,1942,0,1574,0,0,0,1596,0,0,0,0,1463,1353,0,1481,1118,0,0,2156,0,0,1889,0,0,0,1906,0,0,1533,2093,0,2114,0,1801,1546,1743,0,0,1604,0,0,0,0,0,0,2108,2253,2098,0,0,0,0,0,0,0,0,0,0,2117,0,0
2015-12-31,0,1365,1597,1586,1361,1921,0,1613,0,0,0,1613,0,0,0,0,1478,1364,0,1469,1133,0,0,2165,0,0,1878,0,0,0,1928,0,0,1536,2086,0,2121,0,1779,1557,1746,0,0,1605,0,0,0,0,0,0,2092,2253,2110,0,0,0,0,0,0,0,0,0,0,2134,0,0
2016-01-31,0,1369,1604,1584,1364,1920,0,1596,0,0,0,1616,0,0,0,0,1495,1363,0,1459,1148,0,0,2162,0,0,1914,0,0,0,1940,0,0,1546,2109,0,2113,0,1783,1554,1761,0,0,1633,0,0,0,0,0,0,2134,2265,2110,0,0,0,0,0,0,0,0,0,0,2138,0,0
2016-02-29,0,1383,1613,1584,1373,1925,0,1561,0,0,0,1619,0,0,0,0,1500,1400,0,1456,1154,0,0,2159,0,0,1897,0,0,0,1947,0,0,1539,2138,0,2106,0,1769,1550,1758,0,0,1637,0,0,0,0,0,0,2127,2265,2130,0,0,0,0,0,0,0,0,0,0,2161,0,0
2016-03-31,0,1383,1599,1585,1369,1941,0,1544,0,0,0,1632,0,0,0,0,1481,1430,0,1485,1166,0,0,2159,0,0,1918,0,0,0,1942,0,0,1549,2143,0,2094,0,1761,1548,1729,0,0,1650,0,0,0,0,0,0,2131,2272,2160,0,0,0,0,0,0,0,0,0,0,2144,0,0
2016-04-30,0,1382,1607,1606,1385,1961,0,1535,0,0,0,1645,0,0,0,0,1484,1442,0,1487,1204,1652,0,2126,0,0,1907,0,0,0,1932,0,0,1550,2128,0,2096,0,1753,1565,1721,0,0,1639,0,0,0,0,0,0,2100,2262,2142,0,0,0,0,0,0,0,0,0,0,2152,0,0
2016-05-31,0,1394,1616,1618,1383,1961,0,1575,0,0,0,1643,0,0,0,0,1488,1422,0,1479,1224,1692,0,2118,0,0,1923,0,0,0,1911,0,0,1548,2132,0,2087,0,1774,1590,1743,0,0,1623,0,0,1264,0,0,0,2084,2261,2142,0,0,0,0,0,0,0,0,0,0,2128,0,0
2016-06-30,0,1416,1619,1616,1381,1969,0,1571,0,0,0,1627,0,0,0,0,1507,1383,0,1476,1219,1685,0,2106,0,0,1933,0,0,0,1888,0,0,1541,2110,0,2088,0,1793,1575,1770,0,0,1633,0,0,1270,0,0,0,2074,2258,2127,0,0,0,0,0,0,0,0,0,0,2100,0,0
2016-07-31,0,1419,1622,1615,1383,1958,0,1594,0,0,0,1635,0,0,0,0,1521,1393,0,1480,1194,1712,0,2113,0,0,1927,0,0,0,1869,0,0,1541,2113,0,2086,0,1799,1576,1777,0,0,1639,0,0,1267,0,0,0,2052,2253,2138,0,0,0,0,0,0,0,0,0,0,2090,0,0
2016-08-31,0,1421,1625,1608,1388,1959,0,1578,0,0,0,1647,1250,0,0,0,1540,1412,0,1477,1177,1688,0,2114,0,0,1933,0,0,0,1848,0,0,1547,2112,0,2077,0,1793,1581,1777,0,0,1688,0,0,1248,0,0,0,2023,2232,2116,0,0,0,0,0,0,0,0,0,0,2075,0,0
2016-09-30,0,1404,1638,1603,1398,1965,0,1585,0,0,0,1655,1253,0,0,0,1547,1430,0,1479,1162,1670,0,2104,0,0,1910,0,0,0,1833,0,0,1554,2110,0,2091,0,1798,1592,1788,0,0,1673,0,0,1263,0,0,0,2038,2219,2114,0,0,0,0,0,0,0,0,0,0,2095,0,0
2016-10-31,0,1430,1641,1621,1397,1944,0,1608,0,0,0,1647,1266,0,0,0,1540,1420,0,1475,1160,1628,0,2120,0,0,1903,0,0,0,1832,0,0,1549,2115,0,2084,0,1800,1600,1796,0,0,1696,0,0,1267,0,0,0,2062,2209,2121,0,0,0,0,0,0,0,0,0,0,2087,0,0
2016-11-30,0,1422,1653,1631,1405,1950,0,1617,0,0,0,1655,1265,0,0,0,1525,1419,0,1480,1152,1632,0,2118,0,0,1914,0,0,0,1841,0,0,1544,2111,0,2081,0,1794,1597,1779,0,0,1684,0,0,1273,0,0,0,2069,2202,2106,0,0,0,0,0,0,0,0,0,0,2074,0,0
2016-12-31,0,1424,1646,1653,1404,1943,0,1632,0,0,0,1636,1254,0,0,0,1515,1394,0,1468,1154,1642,0,2122,0,0,1910,0,0,0,1840,0,0,1535,2107,0,2064,0,1788,1584,1771,0,0,1676,0,0,1268,0,0,0,2055,2186,2084,0,0,0,0,0,0,0,0,0,0,2064,0,0
2017-01-31,0,1423,1643,1637,1413,1965,0,1628,0,0,0,1630,1276,0,0,0,1521,1415,0,1474,1169,1673,0,2112,0,0,1909,0,0,0,1850,0,0,1526,2101,0,2068,0,1796,1579,1777,0,0,1656,0,0,1279,0,0,0,2078,2201,2080,0,0,0,0,0,0,0,0,0,0,2071,0,0
2017-02-28,0,1433,1632,1669,1416,1957,0,1599,0,0,0,1612,1341,0,0,0,1536,1415,0,1484,1186,1690,0,2096,0,0,1897,0,0,0,1842,0,0,1538,2086,0,2075,0,1819,1571,1780,0,0,1663,0,0,1287,0,0,0,2099,2207,2090,0,0,0,0,0,0,0,0,0,0,2096,0,0
2017-03-31,0,1438,1646,1682,1436,1956,0,1595,0,0,0,1662,1365,0,0,0,1556,1446,0,1498,1219,1724,0,2094,0,0,1906,0,0,0,1858,0,0,1542,2095,0,2079,0,1820,1584,1781,0,0,1662,0,0,1269,0,0,0,2118,2214,2115,0,0,0,0,0,0,0,0,0,0,2100,0,0
2017-04-30,0,1437,1655,1687,1445,1953,0,1566,0,0,0,1680,1348,0,0,0,1563,1440,0,1509,1235,1744,0,2103,0,0,1918,0,0,0,1845,0,0,1544,2091,0,2075,0,1834,1584,1779,0,0,1662,0,0,1276,0,0,0,2080,2195,2119,0,0,0,0,0,0,0,0,0,0,2111,0,0
2017-05-31,0,1444,1666,1684,1454,1953,0,1612,0,0,0,1701,1305,0,0,0,1572,1442,0,1502,1249,1728,0,2122,0,0,1902,0,0,0,1844,0,0,1542,2102,0,2080,0,1831,1590,1778,0,0,1657,0,0,1279,0,0,0,2066,2190,2116,0,0,0,0,0,0,0,0,0,0,2120,0,0
2017-06-30,0,1459,1668,1699,1450,1951,0,1622,0,0,0,1686,1297,0,0,0,1583,1449,0,1505,1263,1723,0,2131,0,0,1907,0,0,0,1845,0,0,1547,2117,0,2086,0,1838,1594,1776,0,0,1674,0,0,1305,0,0,0,2045,2190,2105,0,0,0,0,0,0,0,0,0,0,2116,0,0
2017-07-31,0,1471,1675,1719,1455,1957,0,1669,0,0,0,1679,1287,0,0,0,1585,1458,0,1514,1254,1724,0,2132,0,0,1924,0,0,0,1837,0,0,1560,2125,0,2097,0,1815,1589,1774,0,0,1709,0,0,1294,0,0,0,2027,2190,2107,0,0,0,0,0,0,0,0,0,0,2097,0,0
2017-08-31,0,1470,1672,1728,1453,1959,0,1683,0,0,0,1686,1284,0,0,0,1569,1469,0,1531,1229,1748,0,2138,0,0,1950,0,0,0,1844,0,0,1555,2131,0,2101,0,1824,1601,1786,0,0,1693,0,0,1292,0,0,0,2049,2189,2115,0,0,0,0,0,0,0,0,0,0,2094,0,0
2017-09-30,0,1466,1676,1734,1459,1959,0,1697,0,0,0,1698,1278,0,0,0,1562,1473,0,1531,1199,1769,0,2122,0,0,1971,0,0,0,1842,0,0,1573,2120,0,2117,0,1825,1607,1794,0,0,1710,0,0,1283,0,0,0,2061,2189,2132,0,0,0,0,0,0,0,0,0,0,2116,0,0
2017-10-31,0,1461,1677,1725,1462,1955,0,1699,0,0,0,1698,1300,0,0,0,1561,1464,0,1510,1225,1759,0,2123,0,0,1966,0,0,0,1858,0,0,1575,2127,0,2114,0,1847,1613,1789,0,0,1699,0,0,1297,0,0,0,2107,2184,2128,0,0,0,0,2112,0,0,0,0,0,2114,0,0
2017-11-30,0,1471,1682,1699,1467,1960,0,1693,0,0,0,1713,1308,0,0,0,1570,1462,0,1494,1249,1771,0,2109,0,0,1968,0,0,0,1860,0,0,1576,2115,0,2117,0,1837,1627,1775,0,0,1720,0,0,1289,0,0,0,2115,2181,2119,0,0,0,0,2123,0,0,0,0,0,2106,0,0
2017-12-31,0,1473,1685,1701,1474,1968,0,1691,0,0,0,1706,1319,0,0,0,1556,1459,0,1511,1279,1757,0,2121,0,0,1950,0,0,0,1861,0,0,1559,2120,0,2099,0,1841,1606,1760,0,0,1723,0,0,1304,0,0,0,2113,2174,2123,0,0,0,0,2100,0,0,0,0,0,2081,0,0
2018-01-31,0,1482,1689,1712,1471,1959,0,1718,0,0,0,1717,1309,0,0,0,1545,1468,0,1537,1263,1793,0,2133,0,0,1944,0,0,0,1870,0,0,1561,2099,0,2100,0,1839,1607,1772,0,0,1722,0,0,1298,0,0,0,2099,2189,2126,0,0,0,0,2125,0,0,0,0,0,2093,0,0
2018-02-28,0,1478,1702,1732,1482,1957,0,1719,0,0,0,1710,1308,0,0,0,1562,1471,0,1555,1269,1819,0,2137,0,1385,1949,0,0,0,1882,0,0,1559,2104,0,2102,0,1839,1588,1801,0,0,1734,0,0,1306,0,0,0,2108,2191,2143,0,0,0,0,2145,0,0,0,0,0,2100,0,0
2018-03-31,0,1487,1707,1725,1483,1967,0,1736,0,0,0,1701,1330,0,0,0,1603,1477,0,1546,1269,1824,0,2127,0,1441,1955,0,0,0,1893,0,0,1566,2111,0,2107,0,1871,1617,1812,0,0,1726,0,0,1311,0,0,0,2107,2199,2132,0,0,0,0,2156,0,0,0,0,0,2106,0,0
2018-04-30,0,1486,1709,1725,1498,1986,0,1698,0,0,0,1704,0,0,0,0,1620,1475,0,1554,1276,1806,0,2125,0,1441,1965,0,0,0,1887,0,0,1559,2140,0,2109,0,1886,1635,1811,0,0,1710,0,0,1331,0,0,0,2114,2201,2146,0,0,0,0,2202,0,0,0,0,0,2117,0,0
2018-05-31,0,1484,1697,1722,1510,1997,0,1740,0,0,0,1707,1340,0,0,0,1605,1467,0,1558,1287,1759,0,2132,0,1428,1966,0,0,0,1878,0,0,1571,2153,0,2105,0,1915,1641,1811,0,0,1699,0,0,1347,0,0,0,2092,2216,2145,0,0,0,0,2197,0,0,0,0,0,2113,0,0
2018-06-30,0,1499,1691,1726,1526,1999,0,1712,0,0,0,1727,1296,0,0,0,1593,1475,0,1570,1296,1761,0,2133,0,1435,1984,0,0,0,1872,0,0,1567,2155,0,2116,0,1903,1648,1815,0,0,1705,0,0,1351,0,0,0,2090,2224,2178,0,0,0,0,2205,0,0,0,0,0,2136,0,0
2018-07-31,0,1498,1698,1726,1528,2000,0,1732,0,0,0,1743,1320,0,0,0,1604,1480,0,1567,1282,1785,0,2126,0,1424,1975,0,0,0,1882,0,0,1579,2152,0,2123,0,1908,1650,1825,0,0,1721,0,0,1338,0,0,0,2104,2221,2180,0,0,0,0,2193,0,0,0,0,0,2131,0,0
2018-08-31,0,1510,1717,1733,1521,1997,0,1735,0,0,0,1746,1339,0,0,0,1631,1498,0,1576,1281,1786,0,2130,0,1434,1986,0,0,0,1887,0,0,1578,2162,0,2145,0,1910,1652,1811,0,0,1747,0,0,1353,0,0,0,2124,2219,2183,0,0,0,0,2197,0,0,0,0,0,2142,0,0
2018-09-30,0,1506,1714,1722,1507,1994,0,1760,0,0,0,1738,1376,0,0,0,1631,1493,0,1574,1291,1771,0,2160,0,1426,1973,0,0,0,1898,0,0,1581,2146,0,2146,0,1913,1661,1807,0,0,1765,0,0,1352,0,0,0,2123,2242,2178,0,0,0,0,2176,0,0,0,0,0,2133,0,0
2018-10-31,0,1511,1708,1735,1504,2009,0,1766,0,0,0,1738,1379,0,0,0,1628,1499,0,1567,1301,1766,0,2169,0,1414,1999,0,0,0,1899,0,0,1580,2138,0,2156,0,1903,1658,1805,0,0,1763,0,0,1380,0,0,0,2115,2261,2170,0,0,0,0,2181,0,0,0,0,0,2137,0,0
2018-11-30,0,1513,1709,1775,1506,2028,0,1718,0,0,0,1735,1364,0,0,0,1605,1498,0,1554,1304,1785,0,2153,0,1440,1986,0,0,0,1917,0,0,1569,2134,0,2138,0,1896,1674,1827,0,0,1743,0,0,1390,0,0,0,2142,2262,2178,0,0,0,0,0,0,0,0,0,0,2130,0,0
2018-12-31,0,1498,1723,1826,1517,2026,0,1733,0,0,0,1754,1365,0,0,0,1599,1512,0,1551,1305,1840,0,2140,0,1438,1999,0,0,0,1932,0,0,1563,2163,0,2139,0,1855,1666,1840,0,0,1746,0,0,1376,0,0,0,2153,2250,2158,0,0,0,0,2242,0,0,0,0,0,2128,0,0
2019-01-31,0,1493,1733,1844,1531,2010,0,1741,0,0,0,1746,1359,0,0,0,1593,1500,0,1557,1317,1839,0,2141,0,1473,1986,0,0,0,1938,0,0,1558,2161,0,2127,0,1856,1666,1851,0,0,1775,0,0,1365,0,0,0,2138,2236,2169,0,0,0,0,2205,0,0,0,0,0,2167,0,0
2019-02-28,0,1506,1728,1826,1526,1996,0,1808,0,0,0,1739,1366,0,0,0,1593,1508,0,1589,1321,1852,0,2168,0,1483,1987,0,0,0,1929,0,0,1578,2160,0,2120,0,1865,1645,1850,0,0,1799,0,0,1348,0,0,0,2079,2236,2139,0,0,0,0,2222,0,0,0,0,0,2190,0,0
2019-03-31,0,1517,1728,1814,1528,2000,0,1815,0,0,0,1737,1394,0,0,0,1604,1515,0,1602,1347,1859,0,2166,0,1489,1985,0,0,0,1914,0,0,1590,2144,0,2120,0,1920,1646,1853,0,0,1783,0,0,1390,0,0,0,2086,2237,2144,0,0,0,0,2222,0,0,0,0,0,2205,0,0
2019-04-30,0,1534,1730,1824,1539,2017,0,1813,0,0,0,1727,1343,0,0,0,1620,1530,0,1604,1340,1899,0,2155,0,1491,2002,0,0,0,1915,0,0,1607,2135,0,2124,0,1959,1650,1847,0,0,1754,0,0,1404,0,0,0,2103,2254,2154,0,0,0,0,2243,0,0,0,0,0,2191,0,0
2019-05-31,0,1519,1746,1859,1569,2022,0,1784,0,0,0,1733,1362,0,0,0,1640,1520,0,1601,1345,1917,0,2143,0,1483,2035,0,0,0,1919,0,0,1605,2115,0,2127,0,1973,1679,1839,0,0,1742,0,0,1425,0,0,0,2127,2263,2203,0,0,0,0,2252,0,0,0,0,0,2182,0,0
2019-06-30,0,1524,1766,1849,1584,2039,0,1779,0,0,0,1731,1347,0,0,0,1638,1517,0,1596,1329,1894,0,2150,0,1503,2023,0,0,0,1923,0,0,1605,2123,0,2144,0,1977,1688,1840,0,0,1731,0,0,1426,0,0,0,2143,2263,2222,0,0,0,0,2255,0,0,0,0,0,2182,0,0
2019-07-31,0,1525,1769,1853,1574,2034,0,1766,0,0,0,1752,1417,0,0,0,1656,1533,0,1614,1349,1840,0,2163,0,1509,2019,0,0,0,1914,0,0,1598,2145,0,2149,0,1960,1709,1843,0,0,1760,0,0,1420,0,0,0,2109,2255,2236,0,0,0,0,2266,0,0,0,0,0,2155,0,0
2019-08-31,0,1522,1769,1814,1583,2041,0,1735,0,0,0,1792,1430,0,0,0,1659,1525,0,1605,1356,1828,0,2177,0,1500,2000,0,0,0,1917,0,0,1601,2153,0,2164,0,1945,1713,1838,0,0,1791,0,0,1413,0,0,0,2129,2262,2230,0,0,0,0,2242,0,0,0,0,0,2159,0,0
2019-09-30,0,1526,1760,1823,1575,2037,0,1743,0,0,0,1792,1434,0,0,0,1664,1521,0,1638,1360,1846,0,2185,0,1521,2013,0,0,0,1916,0,0,1604,2146,0,2148,0,1940,1718,1836,0,0,1833,0,0,1409,0,0,0,2109,2277,2231,0,0,0,0,2209,0,0,0,0,0,2169,0,0
2019-10-31,0,1525,1759,1836,1583,2046,0,1770,0,0,0,1801,1446,0,0,0,1643,1507,0,1625,1375,1865,0,2178,0,1527,2018,0,0,0,1937,0,0,1615,2130,0,2176,0,1943,1707,1837,0,0,1832,0,0,1399,0,0,0,2175,2283,2236,0,0,0,0,2213,0,0,0,0,0,2189,0,0
2019-11-30,0,1543,1751,1857,1579,2057,0,1783,0,0,0,1778,1457,0,0,0,1629,1525,0,1631,1393,1873,0,2179,0,1547,2036,0,0,0,1952,0,0,1622,2146,0,2187,0,1960,1732,1847,0,0,1813,0,0,1404,0,0,0,2169,2293,2257,0,0,0,0,2239,0,0,0,0,0,2195,0,0
2019-12-31,0,1540,1749,1889,1613,2065,0,1784,0,0,0,1800,1457,0,0,0,1635,1536,0,1608,1390,1841,0,2195,0,1533,2044,0,0,0,1968,0,0,1618,2155,0,2187,0,1966,1738,1853,0,1684,1805,0,0,1395,0,0,0,2187,2300,2300,0,0,0,0,2229,0,0,0,0,0,2186,0,0
2020-01-31,0,1537,1756,1878,1610,2070,0,1761,0,0,0,1791,1440,0,0,0,1636,1544,0,1599,1365,1815,0,2223,0,1534,2043,0,0,0,1974,0,0,1615,2185,0,2167,0,1988,1764,1840,0,1735,1791,0,0,1398,0,0,0,2183,2316,2295,0,0,0,0,2241,0,0,0,0,0,2191,0,0
2020-02-29,0,1538,1756,1889,1600,2063,0,1839,0,0,0,1797,1429,0,0,0,1644,1543,0,1613,1353,1813,0,2222,0,1540,2016,0,0,0,1982,0,0,1614,2195,0,2173,0,1999,1754,1852,0,1718,1819,0,0,1414,0,0,0,2222,2327,2299,0,0,0,0,2265,0,0,0,0,0,2199,0,0
2020-03-31,0,1548,1760,1870,1575,2052,0,1863,0,0,0,1789,1434,0,0,0,1636,1543,0,1624,1359,1850,0,2176,0,1564,2005,0,0,0,1977,0,0,1621,2209,0,2193,0,2019,1745,1842,0,1721,1822,0,0,1445,0,0,0,2216,2315,2281,0,0,0,0,2338,0,0,0,0,0,2212,0,0
2020-04-30,0,1564,1767,1867,1580,2026,0,1921,0,0,0,1778,1427,0,0,0,1637,1541,0,1644,1389,1861,0,2134,0,1594,1996,0,0,0,1941,0,0,1617,2209,0,2181,0,2005,1707,1825,0,1704,1841,0,0,1486,0,0,0,2193,2293,2268,0,0,0,0,2313,0,0,0,0,0,2180,0,0
2020-05-31,0,1564,1763,1894,1583,2030,0,1835,0,0,0,1764,1418,0,0,0,1638,1545,0,1640,1390,1844,0,2111,0,1603,2004,0,0,0,1896,0,0,1608,2182,0,2156,0,2013,1677,1814,0,1737,1813,0,0,1483,0,0,0,2139,2263,2259,0,0,0,0,2270,0,0,0,0,0,2168,0,0
2020-06-30,0,1571,1762,1917,1604,2039,0,1837,0,0,0,1747,1441,0,0,0,1637,1552,0,1645,1381,1831,0,2124,0,1579,2013,0,0,0,1883,0,0,1605,2158,0,2133,0,2016,1676,1825,0,1770,1801,0,0,1476,0,0,0,2149,2264,2251,0,0,0,0,2238,0,0,0,0,0,2163,0,0
2020-07-31,0,1570,1766,1956,1622,2061,0,1858,0,0,0,1751,1461,0,0,0,1641,1548,0,1652,1370,1824,0,2141,0,1566,2032,0,0,0,1901,0,0,1601,2131,0,2138,0,2034,1681,1842,0,1783,1788,0,0,1466,0,0,0,2140,2264,2243,0,0,0,0,2247,0,0,0,0,0,2192,0,0
2020-08-31,0,1584,1789,1951,1645,2057,0,1910,0,0,0,1781,1474,0,0,0,1652,1545,0,1665,1380,1864,0,2149,0,1574,2039,0,0,0,1902,0,0,1602,2148,0,2134,0,2029,1691,1819,0,1791,1790,0,0,1483,0,0,0,2132,2263,2245,0,0,0,0,2217,0,0,0,0,0,2186,0,0
2020-09-30,0,1577,1785,1940,1648,2061,0,1913,0,0,0,1802,1459,0,0,0,1677,1539,0,1685,1398,1866,0,2155,0,1593,2010,0,0,0,1893,0,0,1604,2160,0,2132,0,2025,1670,1811,0,1787,1808,0,0,1492,0,0,0,2100,2254,2245,0,0,0,0,2197,0,0,0,0,0,2158,0,0
2020-10-31,0,1578,1806,1946,1660,2069,0,1928,0,0,0,1816,1464,0,0,0,1669,1550,0,1702,1387,1904,0,2161,0,1605,2003,0,0,0,1889,0,0,1614,2190,0,2111,0,2032,1675,1801,0,1781,1833,0,0,1495,0,0,0,2138,2250,2262,0,0,0,0,2185,0,0,0,0,0,2139,0,0
2020-11-30,0,1565,1802,1961,1661,2079,0,1925,0,0,0,1824,1453,0,0,0,1672,1552,0,1723,1392,1907,0,2197,0,1604,2008,0,0,0,1927,0,0,1622,2216,0,2121,0,2054,1692,1812,0,1779,1838,0,0,1486,0,0,0,2208,2251,2259,0,0,0,0,2229,0,0,0,0,0,2133,0,0
2020-12-31,0,1573,1806,1987,1658,2087,0,1936,0,0,0,1843,1470,0,0,0,1674,1559,0,1734,1395,1879,0,2218,0,1608,2046,0,0,0,1972,0,0,1633,2244,0,2115,0,2077,1719,1834,0,1768,1839,0,0,1483,0,0,0,2299,2252,2297,0,0,0,0,2246,0,0,0,0,0,2163,0,0
2021-01-31,0,1581,1803,1966,1664,2107,0,1890,0,0,0,1873,1474,0,0,0,1699,1552,0,1752,1415,1919,0,2269,0,1616,2060,0,0,0,2035,0,0,1651,2273,0,2139,0,2104,1754,1861,0,1794,1823,0,0,1482,0,0,0,2371,2266,2346,0,0,0,0,2281,0,0,0,0,0,2209,0,0
2021-02-28,0,1596,1819,1938,1676,2129,0,1914,0,0,0,1847,1516,0,0,0,1696,1574,0,1747,1411,1930,0,2281,0,1635,2071,0,0,0,2128,0,0,1673,2287,0,2187,0,2163,1745,1930,0,1813,1814,0,0,1483,0,0,0,2447,2309,2411,0,0,0,0,2276,0,0,0,0,0,2289,0,0
2021-03-31,0,1616,1830,1965,1698,2165,0,1927,0,0,0,1828,1531,0,0,0,1709,1585,0,1771,1423,1991,0,2328,0,1653,2069,0,0,0,2199,0,0,1692,2317,0,2271,0,2187,1790,1947,0,1854,1809,0,0,1508,0,0,0,2501,2399,2445,0,0,0,0,2283,0,0,0,0,0,2343,0,0
2021-04-30,0,1630,1844,2012,1733,2211,0,1979,0,0,0,1820,1527,0,0,0,1731,1606,0,1772,1430,1975,0,2392,0,1659,2097,0,0,0,2248,0,0,1731,2329,0,2347,0,2230,1804,1987,0,1879,1862,0,0,1548,0,0,0,2536,2508,2530,0,0,0,0,2346,0,0,0,0,0,2366,0,0
2021-05-31,0,1660,1851,2107,1776,2266,0,2003,0,0,0,1885,1532,0,0,0,1780,1623,0,0,1460,2066,0,2485,0,1679,2116,0,0,0,2258,0,0,1788,2414,0,2422,0,2208,1843,1980,0,1891,1913,0,0,1590,0,0,0,2657,2609,2623,0,0,0,0,2453,0,0,0,0,0,2401,0,0
2021-06-30,0,1693,1888,2168,1824,2342,0,2072,1828,0,0,1968,1539,0,0,0,1843,1622,0,1777,1472,2140,0,2580,0,1688,2224,0,0,0,2282,0,0,1851,2488,0,2496,0,2267,1856,2023,0,1974,1999,0,0,1605,0,0,0,2771,2703,2739,0,0,0,0,2563,5778,0,0,0,0,2440,0,0
2021-07-31,0,1721,1951,2222,1872,2404,0,2169,1904,0,0,2059,1649,0,0,0,1878,1668,0,1790,1526,2245,0,2703,0,1706,2295,0,0,0,2334,0,0,0,0,0,2633,0,2292,1890,2104,0,2019,1996,0,0,1647,0,0,0,2844,2822,2835,0,0,0,0,2688,6252,0,0,0,0,2555,0,0
2021-08-31,0,1748,0,2263,1902,2491,0,2326,1955,0,0,2133,1736,0,0,0,1898,1695,0,1841,1603,2266,0,2754,0,1721,2428,0,0,0,2374,0,0,1999,2795,0,2714,0,2430,1969,2155,0,2074,2069,0,0,1694,0,0,0,2853,2942,2891,0,0,0,0,2789,6653,0,0,0,0,2632,0,0
2021-09-30,0,1777,0,2327,1933,2538,0,2395,1993,1861,0,2225,1822,0,0,0,1925,1754,0,1889,1668,2324,0,2884,0,1737,2511,0,0,0,2455,0,0,2078,2883,0,2801,0,2529,2056,2166,0,2107,2103,0,0,1798,0,0,0,2811,3022,2932,0,0,0,0,2896,7034,0,0,0,0,2675,0,0
2021-10-31,0,1815,0,2359,1935,2619,0,2433,1977,0,0,2325,1797,0,0,0,1922,1765,0,1968,1714,2316,0,2927,0,1774,2596,0,0,0,2515,0,0,2136,2907,0,2853,0,2611,2099,2237,0,2183,2209,0,0,1829,2989,2106,0,2877,3114,3004,0,0,0,0,2899,6938,0,0,0,0,2721,0,2806
2021-11-30,0,1826,2254,2384,1995,2667,0,2409,1904,2003,0,2312,1747,0,0,0,1930,1790,1788,2031,1712,2400,0,3018,1890,1796,2629,0,0,0,2571,0,0,2203,2979,0,2922,0,2642,2169,2350,0,2323,2355,0,0,1906,3057,2205,0,3048,3164,3076,0,0,0,0,2941,7331,1810,2938,0,0,2826,0,2884
2021-12-31,0,1829,2324,2496,2064,2742,0,2461,2051,2046,0,2335,1758,1730,0,0,1929,1808,1785,2086,1726,2422,0,3108,2018,1824,2656,0,0,0,2633,1920,0,2205,3126,0,2964,0,2712,2168,2447,2205,2405,2470,0,0,1979,3035,2195,2059,3192,3258,3181,0,0,2190,3593,2972,7656,1843,3105,0,0,2918,0,2834
2022-01-31,0,1861,2318,2602,2102,2755,0,2459,2111,1973,0,2310,1799,1742,2629,0,1984,1847,1821,2171,1750,2525,0,3155,2138,1842,2659,0,0,0,2710,2027,2004,2184,3256,2252,3013,1613,2776,2256,2463,2203,2455,2553,0,0,2038,3096,2237,1992,3283,3297,3225,0,0,2229,3618,3059,8020,0,3286,0,0,3034,0,2872
2022-02-28,1833,1855,2377,2726,2147,2785,1744,2453,2294,2009,0,2382,1908,1845,2580,0,2101,1910,1973,2220,1776,2553,1788,3257,2282,1872,2672,0,0,0,2824,2125,2021,2215,3243,2282,3115,1675,2829,2262,2520,2190,2482,2484,0,0,2036,3059,2263,2065,3213,3420,3289,2245,0,2333,3850,3133,7795,1938,3182,0,2318,3096,2865,2896
2022-03-31,0,1912,2387,2695,2186,2810,1783,2453,2327,2059,0,2419,1958,1918,2646,0,2163,1977,2049,2288,1828,2644,1751,3273,2241,1922,2711,0,0,0,2908,2208,2046,2320,3251,2289,3206,1764,2872,2353,2554,2231,2477,2515,0,0,2021,3158,2331,2116,3274,3487,3322,2342,0,2311,3979,3223,7657,1954,3137,0,2376,3252,2785,2960
2022-04-30,1882,1966,2423,2717,2263,2892,1825,2502,2391,2133,0,2472,2026,1944,2763,2352,2215,2067,2135,2305,1834,2703,1782,3363,2262,1978,2775,0,0,0,2951,2204,2070,2413,3266,2274,3294,1759,2957,2357,2604,2309,2498,2598,0,0,2084,3288,2393,2176,3367,3567,3357,2401,0,2364,4168,3321,7912,2014,3198,0,2455,3308,2813,2975
2022-05-31,1930,2088,2468,2709,2331,2970,1871,2610,2443,2142,0,2518,2056,2019,2912,2391,2234,2108,2212,2330,1884,2741,1836,3403,2239,2040,2863,0,0,0,2969,2278,2122,2450,3365,2417,3305,1776,3021,2422,2614,2408,2488,2695,0,0,2128,3371,2436,2190,3494,3595,3431,2460,0,2468,4270,3411,8149,2037,3367,0,2598,3354,2940,2973
2022-06-30,2028,2127,2522,2731,2383,3008,1933,2637,2489,2173,0,2527,2160,2071,2935,0,2308,2158,2261,2373,1899,2744,1945,3406,2269,2093,2908,0,0,0,2973,2355,2195,2469,3407,2477,3340,1755,3091,2425,2713,2465,2524,2727,0,0,2140,3443,2478,2232,3560,3625,3491,2471,0,2555,4235,3503,8146,2081,3516,0,2660,3372,3013,3005
2022-07-31,2068,2150,2569,2797,2460,3043,1953,2684,2562,2218,0,2541,2201,2137,2975,2318,2391,2135,2274,2422,1984,2803,1934,3452,2318,2139,2966,0,0,0,2987,2421,2229,2479,3405,2448,3335,1785,3123,2470,2779,2544,2556,2700,0,0,2168,3435,2525,2304,3545,3629,3545,2513,0,2596,4239,3531,7968,2135,3498,0,2683,3373,3047,3051
2022-08-31,2128,2148,2593,2802,2463,3077,2015,2675,2531,2263,0,2571,2234,2155,3016,2376,2439,2166,2326,2458,2015,2842,1930,3497,2363,2161,2973,0,0,0,3000,2416,2218,2493,3380,2500,3328,1824,3165,2495,2785,2553,2581,2690,0,0,2211,3555,2570,2355,3546,3621,3558,2478,0,2533,4253,3532,7866,2160,3424,0,2677,3373,2978,0
2022-09-30,2165,2188,2602,2837,2477,3108,2119,2737,2432,2268,2920,2612,2227,2142,3016,2403,2420,2194,2376,2470,2070,2913,1921,3542,2358,2194,2980,0,0,0,3035,2447,2228,2486,3337,2562,3315,1887,3176,2574,2779,2564,2605,2701,0,0,2269,3691,2566,2384,3589,3601,3557,2521,0,2502,4346,3551,8007,2166,3461,0,2666,3361,2923,3016
2022-10-31,2173,2197,2602,2847,2438,3110,2160,2709,2434,2289,2869,2641,2214,2166,2961,2498,2447,2252,2451,2460,2063,2846,1946,3505,2344,2203,2967,0,0,0,3067,2454,2237,2491,3349,2723,3286,1988,3165,2571,2775,2527,2642,2709,0,0,2231,3711,2541,2371,3661,3570,3555,2506,0,2519,4334,3591,7951,2149,3473,0,2627,3357,2874,2975
2022-11-30,2158,2254,2639,2857,2439,3084,2137,2722,2478,2274,2896,2657,2221,2174,2950,2488,2435,2258,2448,2453,2043,2805,1967,3478,2346,2201,3014,0,0,0,3093,2454,2258,2507,3375,2656,3256,2048,3166,2523,2843,2524,2666,2745,0,0,2204,3622,2505,2353,3623,3557,3535,2471,0,2536,4325,3610,8090,2176,3534,0,2594,3329,2858,2990
2022-12-31,2171,2291,2649,2883,2418,3071,2086,2700,2517,2277,3038,2634,2191,2213,2939,2487,2442,2246,2435,2425,2074,2787,1996,3485,2370,2214,3001,0,0,0,3109,2436,2274,2512,3413,2617,3247,2088,3124,2465,2842,2533,2709,2794,0,0,2203,0,2498,2362,3660,3570,3547,2423,0,2529,4298,3498,8122,2174,3492,0,2552,3346,2830,2983
2023-01-31,2222,2312,2658,2864,2439,3053,2097,2657,2502,2242,3028,2648,2201,2213,2981,2496,2424,2251,2398,2407,2074,2848,2021,3477,2410,2231,3012,0,0,0,3147,2449,2277,2493,3385,2566,3244,2032,3133,2502,2820,2527,2705,2794,0,0,2223,3522,2533,2389,3592,3577,3534,2454,2179,2511,4315,3455,8049,2176,3472,0,2591,3369,2861,2978
2023-02-28,2241,2291,2637,2904,2432,3049,2082,2632,2508,2240,3063,2663,2221,2207,3014,2521,2434,2268,2420,2392,2106,2881,2083,3484,2411,2268,2984,0,0,0,3173,2499,2244,2492,3409,2598,3294,2034,3115,2537,2782,2534,2713,2769,0,0,2259,3557,2559,0,3589,3584,3531,2481,2234,2527,4263,3433,7890,2162,3425,0,2623,3399,2908,2951
2023-03-31,2271,2265,2660,2860,2432,3028,2094,2671,2577,2248,3005,2665,2253,2202,3092,2576,2434,2303,2436,2401,2053,2868,2085,3486,2404,2255,3017,0,0,0,3175,2538,2230,2512,3399,2657,3312,2021,3173,2551,2818,2532,2703,2741,0,0,2287,3593,2604,2389,3565,3596,3525,2538,2198,2546,4239,3457,7703,2214,3442,0,2704,3419,2961,2984
2023-04-30,2303,2290,2711,2891,2441,2997,2075,2778,2580,2280,3017,2670,2266,2246,3117,2634,2476,2324,2465,2411,2069,2897,2087,3489,2388,2263,3037,0,0,0,3146,2555,2258,2539,3440,2704,3352,2111,3226,2540,2856,2550,2712,2738,0,2872,2293,3611,2607,2432,3616,3594,3536,2502,2180,2554,4242,3486,7890,2253,3493,0,2701,3406,2967,2977
2023-05-31,2318,2320,2749,2895,2450,3002,2103,2781,2643,2339,2988,2656,2254,2258,3112,2725,2510,2350,2460,2443,2082,2888,2063,3480,2426,2291,3053,0,0,0,3103,2579,2290,2529,3417,2694,3346,2066,3254,2552,2871,2578,2721,2784,0,2768,2293,3611,2615,2505,3601,3618,3526,2521,2132,2580,4339,3570,7969,2271,3514,0,2688,3415,2996,3026
2023-06-30,2334,2345,2741,2984,2487,3021,2112,2786,2684,2377,3066,2687,2266,2284,3097,2769,2549,2358,2457,2489,2081,2910,2046,3475,2435,2330,3049,0,0,0,3073,2605,2314,2532,3434,2735,3326,2067,3231,2556,2890,2611,2766,2789,0,2673,2306,3631,2604,2548,3556,3587,3528,2497,2155,2603,4341,3572,7989,2250,3571,0,2691,3387,2965,2987
2023-07-31,2272,2346,2735,2987,2503,3038,2197,2756,2754,2378,3209,2702,2327,2230,3109,2704,2495,2390,2492,2505,2085,2876,2071,3517,2446,2331,3079,2630,0,0,3046,2613,2309,2524,3398,2796,3317,2045,3234,2581,2865,2647,2798,2782,0,2714,2335,3527,2623,2574,3541,3598,3534,2502,2186,2630,4401,3530,8045,2248,3618,0,2674,3353,2995,2950
2023-08-31,2318,2350,2705,3011,2536,3025,2227,2803,2725,2375,3285,2717,2301,2267,3130,2592,2497,2395,2497,2515,2082,2894,2053,3517,2418,2354,3084,2785,0,0,3018,2608,2310,2518,3388,2895,3290,2084,3265,2598,2841,2673,2831,2789,2196,2825,2362,3565,2627,2564,3600,3569,3537,2502,2313,2632,4361,3535,8084,2246,3658,0,2736,3338,2941,2897
2023-09-30,2299,2335,2708,2982,2553,3028,2235,2818,2667,2317,3166,2715,2285,2257,3147,2630,2527,2393,2533,2528,2130,2927,2113,3505,2432,2366,3097,2895,0,0,2978,2593,2278,2515,3378,2896,3294,2009,3245,2642,2821,2669,2808,2778,2227,0,2339,3587,2620,2617,3634,3593,3589,2518,2347,2617,4439,3553,8239,2268,3643,0,2762,3324,2967,2898
2023-10-31,2353,2333,2683,3023,2557,3022,2239,2838,2660,2321,3229,2692,2261,2325,3163,2767,2595,2356,2545,2573,2132,2961,2100,3485,2428,2398,3062,3067,0,0,3012,2563,2266,2504,3421,2814,3278,1971,3262,2615,2837,2666,2798,2803,2169,2874,2340,3769,2600,2602,3685,3590,3571,2524,2397,2611,4360,3548,8115,2275,3528,0,2846,3321,2889,2905
2023-11-30,2328,2323,2721,3049,2540,3039,2209,2772,2639,2299,3183,2680,2262,2304,3150,2704,2577,2344,2551,2605,2138,3008,2136,3526,2439,2374,3092,3174,0,0,3080,2551,2214,2507,3447,2758,3282,2037,3274,2609,2862,2634,2819,2773,2220,2974,2311,3675,2598,2627,3763,3577,3621,2538,2334,2537,4335,3513,8050,2290,3501,0,2801,3320,2876,2870
2023-12-31,2336,2322,2713,3060,2506,3011,2167,2783,2672,2355,3317,2697,2295,2323,3143,2695,2478,2337,2543,2561,2106,2976,2104,3538,2458,2359,3059,3279,0,0,3119,2535,2228,2458,3447,2800,3282,2139,3340,2555,2868,2627,2835,2769,2185,3037,2263,3691,2574,2550,3747,3580,3585,2509,2339,2522,4313,3553,8079,2274,3521,0,2742,3327,2882,2852
2024-01-31,2342,2335,2729,3016,2434,3024,2142,2757,2582,2363,3180,2714,2221,2299,3114,2626,2472,2321,2542,2509,2063,2989,2134,3504,2461,2342,3058,3438,0,2865,3112,2548,2226,2472,3464,2763,3296,2176,3328,2567,2883,2620,2829,2758,2180,3071,2283,3644,2603,2596,3735,3598,3614,2531,2204,2516,4373,3613,8173,2213,3566,0,2708,3375,2934,2887
2024-02-29,2310,2332,2704,3014,2456,3010,2195,2864,2672,2355,3234,2743,2278,2295,3067,2799,2495,2323,2553,2464,2090,2991,2108,3479,2461,2352,3042,3378,0,2840,3091,2550,2293,2477,3495,2765,3330,2123,3287,2623,2914,2657,2856,2821,2069,3072,2302,3756,2620,2581,3653,3619,3610,2487,2246,2586,4334,3623,8362,2222,3596,3104,2764,3401,2968,2970
2024-03-31,2351,2336,2715,3035,2498,3038,2321,2833,2666,2332,3273,2727,2262,2327,3094,2793,2572,2344,2540,2476,2097,3015,2099,3432,2441,2357,3074,3427,0,2960,3121,2601,2299,2504,3532,2670,3369,2165,3227,2704,2939,2660,2847,2827,2132,3015,2403,3738,2673,2629,3717,3639,3636,2496,2271,2660,4321,3685,8260,2244,3558,3220,2876,3435,3005,3015
2024-04-30,2356,2340,2737,3109,2581,3056,2381,2893,2828,2354,3432,2739,2339,2331,3144,2879,2588,2387,2506,2475,2184,2998,2099,3449,2452,2372,3096,3267,0,2992,3126,2579,2320,2514,3499,2757,3385,2165,3275,2726,2949,2662,2877,2876,2164,3059,2405,3744,2677,2568,3728,3642,3659,2495,2370,2708,4250,3741,8328,2315,3613,3178,2918,3426,3038,2987
2024-05-31,2436,2360,2774,3125,2614,3076,2358,2904,2837,2429,3590,2705,2340,2381,3196,2854,2620,2411,2514,2510,2148,2961,2094,3449,2454,2383,3125,3230,3200,3109,3112,2630,2325,2502,3464,2774,3391,2184,3378,2694,2970,2612,2845,2911,2200,2883,2437,3719,2680,2599,3690,3674,3688,2543,2341,2773,4363,3828,8165,2335,3602,3220,2868,3428,3067,2976
